Simbol,Cantitate,PretCurentRON,ValoareRON
bitcoin,0.00506543,460740,2333.85
ethereum,0.0118684,11429,135.644
aur,15.6934,-1,-15.6934
